<?xml version="1.0" encoding="UTF-8" ?>
<!DOCTYPE mapper
  PUBLIC "-//mybatis.org//DTD Mapper 3.0//EN"
  "https://mybatis.org/dtd/mybatis-3-mapper.dtd">

<mapper namespace="kr.co.reply">

	<insert id="insert">
		INSERT INTO tbl_reply
		(rno, bno, id, pw, reply)
		VALUES
		(seq_reply_rno.NEXTVAL, #{bno}, #{id}, #{pw}, #{reply})
	</insert>
	
	<select id="list" resultType="ReplyDTO">
	
		SELECT 
		rno, bno, id, reply, 
		TO_CHAR(updatedate, 'yyyy-mm-dd') updatedate
		FROM tbl_reply
		WHERE bno = #{bno}
		ORDER BY rno ASC
	
	</select>
	
	<update id="update">
		UPDATE tbl_reply 
		SET
		reply = #{reply}, updatedate = SYSDATE
		WHERE rno = #{rno} AND pw = #{pw}
	</update>
	
	
	
	<delete id="delete">
		DELETE FROM tbl_reply 
		WHERE
		rno = #{rno} AND pw = #{pw}
	
	</delete>
	
	
	
	
	
	
	
	
	

</mapper>